<?xml version="1.0" encoding="UTF-8"?>
<project-private xmlns="http://www.netbeans.org/ns/project-private/1">
    <editor-bookmarks xmlns="http://www.netbeans.org/ns/editor-bookmarks/2" lastBookmarkId="0"/>
    <open-files xmlns="http://www.netbeans.org/ns/projectui-open-files/2">
        <group>
            <file>file:/C:/Users/USER/Dropbox/AtelierPOOA/At3/Atelier3Ex3/src/com/Chemise.java</file>
            <file>file:/C:/Users/USER/Dropbox/AtelierPOOA/At3/Atelier3Ex3/src/com/InventaireNombre.java</file>
            <file>file:/C:/Users/USER/Dropbox/AtelierPOOA/At3/Atelier3Ex3/src/com/Transaction.java</file>
            <file>file:/C:/Users/USER/Dropbox/AtelierPOOA/At3/Atelier3Ex3/src/com/TrierChemiseParDesc.java</file>
            <file>file:/C:/Users/USER/Dropbox/AtelierPOOA/At3/Atelier3Ex3/src/com/TestNombre.java</file>
        </group>
    </open-files>
</project-private>
